INSERT INTO measurement
    (id, name)
VALUES
    ('1fc73dcddb154463a19f51d275ca1b5e', 'dl'),
    ('9db4056809ed475eb72d07ac79b0f172', 'l'),
    ('ff935343ff3e4d0c98b89387b4abb719', 'tbsp'),
    ('8b162cef41a64d5f83cf47465af2bd4b', 'tsp'),
    ('be15857625424cf1b838b08cbd375e88', 'floret'),
    ('0297b3d197e648bba4722af712297fc6', 'kg'),
    ('1dac73e57a994eed88ee7b3b4b3802a1', 'g'),
    ('9b28665bcb9b4d53afce73885f66c9a5', 'pinch'),
    ('3c6edea31cca4ba5804945db0aa06316', 'piece');

INSERT INTO ingredient
    (id, name, kcal_per_100_grams, carbohydrates_per_100_grams, fats_per_100_grams, proteins_per_100_grams)
VALUES
('b45b91757ffa4c22b4a2d792131a2e54','Potato',0,0,0,0),
('688efe320d964739a61f59d993bcab3d','Yellow onion',0,0,0,0),
('3d416594ac634da7b13686479e9ab15a','Leek',0,0,0,0),
('89ca3584df9d4f2c962f72143cb32748','Butter',0,0,0,0),
('ef8d68d64bf14967adac54df656a539a','Chicken fond',0,0,0,0),
('27d8600e2640482eb15d9e2c6c593f75','Water',0,0,0,0),
('a2c310a7f4e245938471f23e6611caec','Hazelnuts',0,0,0,0),
('a2573e74b0bf4d1e94d162608c04f744','Parsly',0,0,0,0),
('b60852a64ac44c058a50ee20f72cf926','Lemon curd',0,0,0,0),
('bf6b825ff8f641a8bfedb130046981b0','Creme fraiche',0,0,0,0),
('8dd5da4a0d3b4060b4b060a09b41fc93','Salt',0,0,0,0),
('573235e3254e45049a03583569fb206d','Black peppar',0,0,0,0);

INSERT INTO recipe
  (id, name)
VALUES
  ('0dd5e59c5be5471598479c4528b06397', 'Potato and leek soup with roasted nuts');

INSERT INTO recipe_ingredient
    (id, ingredient_id, measurement_id, recipe_id, amount)
VALUES
('fa8b5ddabb724a0a8a5a3e1f14fdd1d3','b45b91757ffa4c22b4a2d792131a2e54','1dac73e57a994eed88ee7b3b4b3802a1','0dd5e59c5be5471598479c4528b06397',350),
('2009155e357448af9c04be36927fff32','688efe320d964739a61f59d993bcab3d','3c6edea31cca4ba5804945db0aa06316','0dd5e59c5be5471598479c4528b06397',1),
('25a6fe08802f4d0b913e9d16b0fad071','3d416594ac634da7b13686479e9ab15a','1dac73e57a994eed88ee7b3b4b3802a1','0dd5e59c5be5471598479c4528b06397',300),
('b33c3259b49749aba2e2f9b076383364','89ca3584df9d4f2c962f72143cb32748','ff935343ff3e4d0c98b89387b4abb719','0dd5e59c5be5471598479c4528b06397',1),
('5162d84dd73d4cb2947f10a146f1d12d','ef8d68d64bf14967adac54df656a539a','ff935343ff3e4d0c98b89387b4abb719','0dd5e59c5be5471598479c4528b06397',2),
('61c9d281ce644a17ba323921be90fe70','27d8600e2640482eb15d9e2c6c593f75','9db4056809ed475eb72d07ac79b0f172','0dd5e59c5be5471598479c4528b06397',1),
('50834d30ad264cbeb64c9e7de31f4533','a2c310a7f4e245938471f23e6611caec','1fc73dcddb154463a19f51d275ca1b5e','0dd5e59c5be5471598479c4528b06397',0.5),
('961118925dcf474e9d58b427dcd74f96','a2573e74b0bf4d1e94d162608c04f744','ff935343ff3e4d0c98b89387b4abb719','0dd5e59c5be5471598479c4528b06397',1),
('8d5c4633cd0c4b3c981c824f6523c75f','b60852a64ac44c058a50ee20f72cf926','8b162cef41a64d5f83cf47465af2bd4b','0dd5e59c5be5471598479c4528b06397',1),
('66ac2b0f49854930876e31d11a01d4a7','bf6b825ff8f641a8bfedb130046981b0','1fc73dcddb154463a19f51d275ca1b5e','0dd5e59c5be5471598479c4528b06397',0.5),
('68f1ba83f41144c8afd1513e53d37b0c','8dd5da4a0d3b4060b4b060a09b41fc93','9b28665bcb9b4d53afce73885f66c9a5','0dd5e59c5be5471598479c4528b06397',1),
('1851251468894813b87ee16ba29ebbb6','573235e3254e45049a03583569fb206d','9b28665bcb9b4d53afce73885f66c9a5','0dd5e59c5be5471598479c4528b06397',1);